SHA,commit
ee06f4288378c47ef3efbbf6e8c4c9fd3552f246,add data
3fdc36bd98b34a853c1f0a531f0664a1ea855b62,Update tree_table_0.csv
d23c80296f126439690b7f0577ca3180725d9962,add data
d9d2f0fbdeb83f6110e7681510dd44d963f40fc2,spp fix
7e2b311536c7cb523c2fd5621ffb1270029c7e0e,add data
a7a3b7354162156d20de8591748e0867f98bc5e6,Update CI_QAQC_reports.R
97026e7a7bdf84324efdbacd97377615382915f2,add data
27652aad3d837f3aa106218e5a000458ca9793ee,Update CI_QAQC_reports.R
dfbbaf92968bfdf262f60574e98f94433172b394,revert change
33f1382a90eae71b24740b27c9743003ec39024c,trying to fix CI
f7ae5dd1f52d23c87c3c1d175b87952033137fff,trigger CI
18be682f7f90c4eca41e87df1d2c632175acb392,try updating crs grid
7fcfbb1c61e72871b2abc1ad8f6dc0ad64640a9b,load species table
b8a3bd4b8d4734bbe967d39fc487ea8b9ecc7596,add check to flag species not in sp table #64
7840c927214db70a7e0fb72fa7163dcc6c8591ad,fix species, coordinates and quadrats based in data edited in app
a1b9ff8ee3bc7f6452c4584863f456ef4088f289,add check to make sure lx and ly are populated #66
04f1b3662dacde2815840cde8d46562dbdc3f46d,add check for species id #64
ad17240f0d2d1c1397cf8cdcda1c87cbfc4de53b,add data
dd5e83f6be4c5a7d54d126f3920b642788b57eae,update raw data - sp fix
8707cb9275d3074e9ab8949eb0a3116aa764ab63,add data
99202dc2965180fd5af6a2a1d6fc2ac5db13aecf,Update raw data with spp change language fixed
3454fa16ca695478fa9d8e600842de11efd9e317,add piece of code to save mortality data in mort repo
79cd9ea31f8ad3bd9f9bb5756f566ad52a2ee134,Create SCBI ForestGEO Metadata.csv
1c97005f7885e9c500931a2bd68206ff8dbef5e1,add data
ea1c7233795e39c4f4a88b6e62129765969797e8,error fix feb 7
68ad4e897ad6795ca629d356f0eaed271b2a7957,add data
4cd8b70af31df3a02d6daf5c623d74aa64c0c9b1,add check for dbh<10
0f673bc4d61d641d329bdc55de8aeb72c399dfc6,add data
5661e6ebe30c7e6b91bd84038ed599a4e93f7014,Stemtag fixes
1d0c8761db388bb6d8b347d9e4eca75a3f75f642,add data
5ce75da3b70a7dd666f546a924352ea98fa360b8,update hom error
6c1a404c50b4ac44c3fb69bfc239ff35636c711d,add data
fa270e4bd725b6d74858d43b63c93b56fd9bdf58,Update tree_table_0.csv
f5d4e134f5c1bb45bf0179a1191db386e3fb3bd2,add data
a7ddf5cb780ee11c2b56dc870a2e1e60600f7873,Update raw data with final quad fixes
b4207dbdb0a6334a381ed932bde850ecc619c442,add data
d762c7e15cee4d9f9dfb3bae1bc41a9563e4686e,quadrat fixes
51297ffde7c1aad05cb42f3d0acc3ce8869401e9,Add recommended QAQC checks
5c53095579a598f5b902909cf651e2ff1d611590,add data
e17e55fcf1acf0e9af3464f8c53825a88c6deef3,update raw data with more quadrat errors
fb7f3e4c981f24cfba1a7e65ef55a88da2d81410,add data
40922ee6641a417c3ac3f022342a85facf91b4b6,Merge branch 'main' of https://github.com/SCBI-ForestGEO/2023census
97af9504bc0e149e199931bfbb8f4613eeb18a6d,update raw data 1/30
6e731445f43ccb4cab81ea04bbaf770a0999776a,add data
f24b025393813dcc189501249d8b4e58dfd5b252,change error to warning and ignore warning when stem4 is built
719dd3443a49bb96af4a378fb906fdd1e50afb5e,add data
0b13a0dfa3f3956808abd39a117bf5acb89e5f75,Updating raw data 1/26
d3e59149106d3ff8112b7bf2a0090c9715d4cfe3,add data
1ce3a15849c5ba364c96495a78855e86b7efabde,add check to detect if not same quadrats for sister stems
759f22d5898b94f79c69717b6eb2b60902fc2e3e,add data
c0f382316d8603ce4a2f3fd364c390a7661935f3,update code to handle new check
102e00c813ef0f5fb601e73bc4d9b58ce10c13a4,add check to detect when quadrat is NA
f89fde4bb497628868969e1871d70fab88362480,add data
cd4f7b638feaf2842f9d1561ef1e7c10d51dcf48,Update CI_QAQC_reports.R
7e526d082e519d7f0e0683e111c0fb89b08a5574,add data
7b008fb7e20654fdce46c7e02c903dd42d31a722,fix CI
882cb6a4397638b502dabad718f4c858ddb50d2d,update raw data
4e34ccf61ac32ed660efcdf015f830adafe223d9,add data
7660d9564b8ab18baf5bdd4da2d05194d6c2e6c6,Fix warnings part 2
91a5b179e5938254f68bb49abb501965a7a93ab7,add data
a3ea307972466b9ebeafaf5726130576874af541,update data with fixed warnings
02eece98775f801be4d63631fbc6dbff3ea9bd9a,add data
3f62a1fa0c234e4cc7d361f169cfa9bbd0925782,Fix warnings
3f45724838e104ec865b39160b1ea3a6f008a472,add data
cdf56f316c649d552737ee2bd988e3754d3f8876,update raw data with big tree fixes
15d1159c06e3a6303d405e9f0df9b6f27ef8c8e7,add data
303290a7c8fdca9087ff05763eeae3b8e0db6361,Update raw data
b83e2ec61ed7c5b170df0e2312d79434f82b73aa,Create Before the Next Census "Wish List"
8c12e36a70ca39c5b72ed36b3d635b318a23db62,Added errors to be resolved in field sheet
a852018c1abfed4fc33a38224624519046f39093,update 2023 protocol
00fcaa7fb54f2d78176b380ba223f5590bc70ebc,add data
b64505f3eeccab004d5b31bfa80f8f3472c8de2d,Update raw data Dec 4 - Errors
5d3f80c6f41e2df06dd4dd6d422a83bb377596f8,upload list of tags to replace
9031838eb9eee80f2fea21a92257e8e3214c6997,add data
b30369af6a32b0450d5dd35657e40d6e56020bb2,Update raw data - Last day of census :)
ad9a690ecd9e1d818d20c986e5210796b14f4c97,add data
5025455d2ca78ee2cd194f554e88b9b8055e53fb,update raw data nov 29
0c6b56ac110568705132ca4ea765d55d3765b772,add data
410293dbb7f3550cc7317fff9f8c8421d7b90daf,update raw data
9f1a2bf1af8eb99a102c78abecbf257ce6650a73,adding a couple more things to the protocol
17bbe779ab340cd919e8c15ad05f44921770d395,add data
4d79c2454af0bc53e6a0478e002a703b536ed2d5,Update raw data
5fd8cc24944809944a6f1f019928fbb1927450ac,add data
caed19e8f357bd5d4f143d862da92052d19d9dbc,update raw data
82ce269242d21bf94744742d1348191a6b38b929,Update scbi 2023 cencus protocol
ce76558fc053e36a686c101485d669ef12f2ca1b,add data
99a12989a83953193dfab48c7ebd903656f29a0a,Update raw data
7bb4253c4261c0a2ebfae42a5068afa0e2f22262,add data
05b46c04d1319cdaa597d059e01f394ad5d8fc58,Update raw data
9adc3ece02a37fb3b5a3077c79cc918485779667,add data
83a33cd45ce039d9b15d1a9ac903126360888b74,update raw data nov 16
4a60ebed83f0e1057bb5f782c7ad83f28714be04,add data
e7cf1589b64a3ec9a5e5c6c456b7c25f2160fe88,Update raw data Nov 15
1da0bad0683361180720f33d8f9c8252a6f87574,add data
7a14411060b68c2013f32d1d9a54ef3a8339623d,update raw data
77d2534206e6fd04d6a91bcdc644811f8be3d6b0,add data
1d3e0c05a6106e5bd045a842a69f98f388d7a8a2,Update raw data
5c42c2cb9f3ce57199e86bd43f90dc934b972d24,add data
85a180555b7763976e818d53f7b6334aaaae85dc,update raw data november 9
f90c8868227633a02e11208c1610debf7c9696dc,add data
5c270797a9141c8b226d25f8e82d5f0cd2a9164e,commit raw data 11/08
47b035bce1d40f693f49eb3951f7e93b7bcae39d,add data
d07a75c8e048766a260d590c46872ae4831a8020,update raw data
0d84705865d7106aa4d771cedcdae50c123217d7,add data
d160e02e1350d9f8c0c63cd8eec35a59a0e6599f,Update raw data
7a3e78464e5a5c42a1921dd915da96cd788005cd,add data
7f8d5e9207d7c7e0f74a583f1c31d5b3091bdc1f,commit raw data 11/03/23
0bf3dda0a8732ce96a5d98d7bfb8ab4205bbc29a,add data
06132d3fd6f345859d022ad684830e2479c1c92f,update raw data 11 2 2023
5cc7c869d1647721cd91bf43f533e37501265252,add data
197a4e82d921cc09381bae386a70fe903aebf36e,Update raw data Nov 1
06ae4d5600700104c5be559caaff71188d7d077a,add data
cd8ba2d88c6fbb5727f9e2fcc8178db0628b9b77,raw data update
21db9793a4e8f573755498de872a05d8f831d4c2,add data
84c0260cb289747a0af68efe86f6981487c86d40,update raw data Halloween part II
e8860b1f6bda448d093f3e25373c5d85005047ed,add data
800a055dbb454c848c2d5e5a4a7c9c1a6f3dacbd,halloween data push attempt 2
438866b8b05902f5fb7b5a39dd22414b063fd6e5,add data
ab9ee1ebd869ec10446cfe9289725fd1c44cd015,commit raw to main 10/27/23
a07e1cba4bbfd1bacbd90765cbe4bcd9e7b5e06a,add data
5de2f68429ba2e7b51a3ca4660495113aac48a35,Update raw data
d2842a0171d6a8b5088d0b5ce4c0b70c181292ea,add data
a89922cd0e22c583cb77a53a3ff7c628d02415b6,Update GitHubAction_checks.csv
7db36e33ebf763fc167d20581db8ada7c9834528,add data
6dc1fb61b0c6cc32654d58ff504b0cf05f8fb881,update raw data 0ct 25
eb59c6bf9b4d2ea4dfb68d9a693aab2ebb22c42d,add data
4a635fdc839e64b5cb5bad4508651a4bd927512a,raw data update 10/24
e89565df53e6d337695acdce7eaf19a4f1f7767f,add data
bbe64cef327363986bd6fd975096a7396184a576,Update raw data
2d95c638e7fdf3099d9ee9e347a7e36f01af4773,add data
bd38c64016dfcfb5a361c0637b3c3ad76ca1f8c9,Update raw data
0e1669dcede4df49152f290663ca86a1de938336,add data
e3e759a78df24bb32b1c082b518ef7ba4c3ca916,update raw data october 19
8fa3f53552853df76d4f67258e1062cece2c93b0,add data
c1fc09b56ba09b3558bbc6de63d4917872747c41,fix map
a0865cb5e34b56ded114f423eb58df62b23df845,add data
d4f2596611d60d474777a91a2668da12845b4f0e,change rgdal to sf - this should fix GitHub Actions
248e98b823810e4084e3c859dd3767c4cad594fa,commit data to main 10/18/23
25d1d4d43b9b0b68b73cd3b7678e8e278bb7f9e3,update raw data 10 17
613638f1e022d69e1bfa5a1affa8ea6e8963925a,add data
060a679c5f3241b25f4f49dee8988e706ed657d2,Update raw data
c24a3aa1ceb4462b7b999e2213f1b40501d0306e,add data
8abf64312334cddae0140ac1d8f3efb45fb37c28,Update raw data
e73d107664e2e331f8d9c0e93d3d43004bc9e704,add data
e84150a1f6ba10814dcc3e85db99b11e9f9077f6,Update raw data october 12
cf8036cb9afad070a4b06fcb4469d00c2480cf59,add data
ce3ecb69a73f6cd7d7f69da25b4dcac104591e44,Update raw data
fac12dd3d945ae257547fad4f573c6f0de724115,add data
4fdc10dedaf7ebecc3e645479799046e27c98835,update raw data 10/10/2023
389566d954d7688bc13d4c042e1595d4be20fdca,add data
95ce920ae650f4ae96d98aacc201fcf693fd35b4,Upload raw data Oct 6
55d36a64c5d732030de2067cb2a04c966dc7580d,add data
b6c466b07e795a48aa588f0299a447c1c562a4a8,update raw data october 5
d1183010021e4fb1a21913ca52a8e4b7e6a51fff,add data
79d74bf6b005442650c6f06e426cfe6431b4d349,commit raw data 10/04/23
34e5c8555e4278e49fe0f9e91cabfc7f94be2068,add # mortality stem to go to dashboard
ff41c6b75813d0e81f013253716ff3b0c2d12dde,add data
e8f79e97d5e0d16107addcab02cb444d51c9b4f6,update raw data 10 3 23
567002ba46609fe2942c7c39ca77b846182b0c6e,add data
ff26ccb2cde7263aa49eb3df534c15e80c4d1ba2,Update raw data Oct 2nd
f2da274e20aa3a600d313dd1714ff1e2b6e9c96c,add data
96bc13cd6a7f7d3254a2b70dffba396717a78788,Update raw data
b35f6b06359815db4b172b47516fa071f17ee439,add data
0ebb014ad42294a9f6f1e248522044992420ccdb,update raw data sep 29
0c85d1316f394ab016ce30e410457420fa9739d0,add data
d401f0977700dfb14031d84ae699b819579ac08d,commit to main 09/27
fca0bcec3f2002f32e8d740933ca17da4ed3a1ad,add data
ca2393e2786457121e50eec8a0ec63925937597a,update raw data 9/26
cb32783cc568e1d5157901da7721e96170d85a7e,add data
0aacd27d9ef020071e654af4d739c19c3eb6e9e9,Update raw data
abedb56f1e156598174f200e5e2e44a8e387c973,add data
f156e1cf9d4a63db72ec6cd21a64b8528ded9330,Update raw data Sept 22
b47fc545b74468b117acfbfac29f0baeec9a0071,add data
2e4a6e14bcb54a7cfc513bb44804ea665f1af6b9,update raw data sep 21
e6cdf8893640f0b0a8ea6ea36b2f4665ce347f82,add data
b29146685557cc29e8d85366ca095655ce1e49da,commit data 09/20
1c3f8d60f8e2bebe6df421d98ccb4ef3ac65db0d,add data
4377e9a80578a56d16ca9f6a45c8bf68848e656a,update raw data 9 19
1cb4cb488165737649efa94eacc8840a8f4803c1,add data
35abd130902fe9295013dd62efceffe30e773791,Update raw data
9b9252c777025f65a1f0db0e44e3992a35b90bd5,add data
705f1b30b765729cb0be83c21d8df678c680b3e2,Fixing mortality completion status #51
745320d5f09a6c82a2276415847331cde2e41694,add data
5e3506fd15351bc48ade2e409995907e34f92c6a,update raw data  9/13
84ceb2981063573ab2ad914ebab47b281ab80f96,add data
a35a533290f9f06e84160a91bb71943f172cf8ca,Updating raw data 9/11
474557bf671809653c3a0a6155126966da9df38d,add data
4bbf8227c4849976b53f5a893ece831be52f456e,Upload new data
19125a3930f50f18265ad4ec8bcc1de59e8b4f72,add data
d191de3e6bfa9a9131b534b082a236989fdb6d21,use code "SV" status verified
1a54e8d81117c189d0cb15fa0946aa30ade4a4fc,add data
6be177be2cc789fa61e3fa257a22b8810a17fe3b,update raw data sep 7
c3b669a3e867a253a90fb4133588d4c43fd50e59,add data
b4629013f38adf58cefcc18b163ab6f710194831,update raw data 9 6 2023
8ddf5f7a1de35502a2e143370eb2d14db400486e,add data
be569d4fecfd04c49cfc1612257e9a1f39367bd7,Update Raw Data Sept 1
d9ca2d08f2f4cbb7e4edec82aa2c183f976c087d,add names to protocol
aa4b6cf6b2eba0a0fab6421ffbbe6358770b03f9,add data
f87ee33d537b98fee38e9d463060ea3d1c8911b3,update raw data aug 31
10f8c8eeb465c3401e197dd3ede450145d559b1f,add data
fcd3de3c0e9afb3931147f501bf70cd6050be1a6,Update raw data 8 29
0e20762de0018bfdb4dbc74006eb7736746f2f76,add data
5ecdc6e7a8b4f2b1d3fa3a78e9bf06a977a68811,Update Raw Data August 28
c32df63d39c46394b22a7c16732c94413186b534,add data
9a50f5d945d3701e72021cdb9eb8189a09553d7f,update raw data
ae31cd1b51d2db33a8020966927e250db20f2087,add data
faf2484dbcc921b07537130c240a3f174a615cbb,update raw data august 24
5e52a349f4decf76ced96b74c41453ccc2834297,add data
0c773e7b7cb2e06970eb3bd04e14ff3131b9b881,Raw Data Update 8/23/23
153359ea893ad397bf348ee9bdd9f60a484786ac,add data
ae877cdf85b59bec3c3ca58c90320f1f5fab5393,commit raw data 08/22
602ca988933cd28d613e7c46aa8f05c3f1cac59f,add data
097d31e97b785b6dbe3b68c11b2fe4be9ebd6c9c,save DailyRate.csv
03759cd9e03bea4c80f8b34ce684d0b9497e62ab,Adding mortality protocol to GitHub
3ce8b81716c5b923c166dbc0fdb53b62e74c84b4,add data
8d1d2c9818161bb511f7cc972586542a8ec9162c,Upload new data
d4db573320a62ec725bfdb1dcfb78aa0e198772d,add data
479822b02120d40ab34c3671caddc2fe0cf32ae0,Update raw data
733ca1e8cba09844bcda9b509e82b4d1c52e8e58,add data
329d5c62c00d56986c2394274b751aa4c674518f,update raw data take 2 august 17
5b0e653fc40ca9ab118d58ce4b97b540a026815d,add data
2f441f38890ceee38785f59580d875f92ab1b95e,update raw data august 17
15925cfe312f4ba7da965cb586760986355aa6ad,add data
496a049a7624fbb28eca3aad00a1f74652b37dd8,upload raw data august 16 2023
29cbea35486f322f57e7ddac29c0a7f2e860d7aa,add data
a527b614a82788b8aa2c695c42344e8024885377,commit raw data 08/15
07f35aae6e5b5b81ac51ebbfa3d0b44db184d81f,add data
022b5505363d91ce9705346ceaab0e5e7bf3e512,update again august 14
7a66d30a87a66bbcd013b826e92bd8a83fe7ab05,add data
bfcaaabdb86d1739afb2c9982502b59dd83a5d9d,update raw data
56d4fb53783a25b862589d840b29ac725b3ed6f5,Updating census protocol
346bb9dd2955cddf62043dc36cc2d65477268590,add data
d401ca06131bf1ad0843658e1f169e55849edd5e,Update raw data
bb0604d1720a2e7ef79946d546b7069f645913a8,add data
f2a64c2bde8ca054e6a1c01dba4bb4d7eaf25e8d,update raw data august 10
59656115cbf59eb3b093c8de5fcab53d04beceff,add data
85fd750c1a402c1554202f64eaf832c0f03f84c9,Update raw data
0005cc695de4fb3f5937c6b1d07f5def6ae5e8d2,add Chris
9d95f573966698cc83315e3c23ec4cab9c863879,Update README.md
d17eb2e3bfd34aea965346cade45243a4e6a2873,add data
c97fb090a9f0c7c53effb1b038fd7713b3301f86,Update raw data
a6608a68d2bc91cdb54a7eae782d452a85002169,add data
7467d21b5296266b9db18b8d066422e572a1d870,update raw data
1b2f191b9fb4127ca0bbee5aa07e9bfae5a30bb8,add data
6198860fb7e01b95ec0330522bf659bc4d48421b,update raw data
8923ee0bb22d9223b88ceb5644c595d7656e1b4b,add data
d1326dbe7e1549d3afa48096ff2a1b641a15cd4b,Update raw data
5540be7012d615d0e29d44e9b096c9f499ae53d0,add data
30b4a1ecffa7ed6e0655a7731ae6594ad9a180a2,update raw data august 1
83d8d94806ea97da83ccd6b6f7e5effe4ea6a02f,add data
7205fe69299d73dc3560f970c34a93d7c190d215,Update raw data  7/31
94e08b37fda4dc16370d4245637d59deaa846d26,add data
3e19885383b71f29301a7f7996676de658d47884,update raw data
b28714e7cbaae8251d403484d07546c2edbfc190,added a space for demo
50b4812afab3c61cc8129101296e8a0713416ea9,add data
cd7ac1c92628c3bcdc3766de7cf5b1af795151bc,commit chagnes
56351b47a7f240a22f6747de136892d2b815c596,histogram
e20d00d7a5ed0ca625e76ee25c3af7395b698e08,stem tag issue
761e634762149ec94dc175b34718834773e656e4,add data
487520816c5ec9d3329c3019d6a56ea1b50c47d1,script update
31dfa09b61c2eced77fd89459c770009156a5e22,try to fix error with binding files
4b116a6311692309abd8267e46c7eec765ff4614,Update raw data
e2e697b7568547e6049e00afb090f15c4ddb7c00,Create TRstems.csv
325bd28c51118fb110abb7b317a0b5e36bbbc831,update data dictionary and arcade code
56b28807dd8a25498dc56615e07e40ceff720b2e,update raw data
4fa5b13e6363bf319ee25c812400f88876ef8d4e,add data
901ab9abd6eabce52a0018a1eb70c3118bde6c73,Update raw data July 20
2439f1ef658eb02d399581780478ff347995c6bc,add data
a79d7539ff87e2686ebffee9d92910822a0aff11,updating raw data
b55fd19eeebd98f1a5bb56307e9f18873d0fbb49,add data
58de3e7e12674e570401b6fb94d4d0c457421cb4,update raw data  July 18th (7/18/23)
7cb7e24294903ebf52419073d4a1ea4e79e77450,add data
8ba3576634dca53b772b6c9dbfd2807ef17ac2e0,update raw data july 17
2f7117446480411cbc318ce08a103cb4717a37fd,add data
6c7154f081ba703e25e9afa25a6e1e73d9a73757,update raw data
5f0bd4ce90dd5f420ef432f2fa044271e2606710,add data
e9b8f7e297604e8c8171b38f90b5448a421be362,Update raw data
a0c689dbc4d6cf386b6cc2ce1e2ff6ea54535ac9,add data
3cbf965d1650cd53a65dc353758d1e7625d329da,Updating raw data
bd457b1d7d83856c1822b5b7e8e3f532a68c11b3,Create license.txt
98bf4caff81e521f3b5e54c38254757e2b009ae6,update dashboard #45
15ffd45dc8166291f84a779983888b0cdc221fbc,add data
19399054feb8850199904278fe85cd04e3a0a98f,update raw data july 10
f78014230bd027fb5fc7542e5634ef0df3c01cf0,Update DailyRate.png
49ae9672f01460041b6b3d21e337605436cdd5a9,Merge branch 'main' of https://github.com/SCBI-ForestGEO/2023census
4ae36083f10a23e75649a59448b432710dbd5b10,write as txt instead of rds
700da29320b2017ec6d02e90dde5c0f410628776,#45 add mortality census progression
b3bda1229d21f4a034b1e27a790c7ce19825b7e7,add data
9e870c400b7d17b613652e633e880551504ea56d,dashboard additions #45
55b6339a5704bd042ddafc8d01bf4c5a88087e14,add data
9b3518c01a3400ab448ea295e8ed9684779dfabc,(temporary) update raw data 7/7/23
256360f07dcf0a64794b2d7bba084d6cda1dc22d,add data
e500dd63c32c50a71290facad73d8c2c5f3214e5,update raw data
8d4ad895762ff6dddda0618eb44bea6d7fa22780,add data
b6699e54446b8023d38b2b04c0c1571b410ee49c,Update raw data June 30
32f536c042809fd6532f1add158e6d31f3c142f6,Add SCBI 2023 Census Protocol
3b805dbbde52747dc487860ee7b115b931e91b05,add data
bae3e958c8c093c6c7cde8e39c96f3a893eb5ca1,update raw data
eafb97862aa81f3c3e82e5f40359681f4e2d992f,add data
00e6ba4ee58a93ea6f4973d5cfa8904b47785a68,updating raw data june 28
028bb7918c80ea717598a044adcb5c56b610139b,add data
480c4379eb1c62ecc7e2e980d96eea6f97dc4e58,update raw data June 26
e7c2307a01b01343c6a17ff3ff3fe48de05bd644,add data
11047ccb456d7988845a1e4282a8d8612f8913a5,update raw data
936616966286a56d2f4df977998d0a16b7ac05eb,add data
4f7e87aaa2c79a147cb133071d62102771b5d9e8,update raw data june 16
ef8cd5933a8e8ef28efeb0e1ba2bb01d4fd8ec3a,update reports "manually"
0bbbbff4a1db65c37c424b5e5d65b79f2f1dcb7e,fix checks
91aeca81785eeb07820ef6aa81b24618e108eb24,update mini shiny app
680d1ded29794daae81e7d90beaba65057db2d85,add data
5814498af15a360c5fdd69c7688b6ab103331a6b,updating raw data
8019ebec0c03848d37064170387d5d220f31ec11,add data
2c1c0aa4baf67e3404d400ee6ea2afdec7d89b17,try fixing action error
1a3f67ba67d2bc812ca9a04d68f7f563e527c7ad,Add onto the dashboard
d1ea9f34f1f21e8436edbd03575f8d6c30162996,add data
28b844870232849d02f7db2c55eebdfe715057c5,updating raw data for june 9
d93ac84fd800e2bf700af11394ff917ce364a02b,add data
2dbda71520f43275fbcd32413eed9f379971e95c,update raw data
773244fb43cb1fdd911e2a981bbc1461bddff52d,add data
a24584996a4360bd921591dfa92f68973ff58290,Updating raw data
6ac5549373a0bc5f317facc2a11f7e1173663e62,add data
7e57f8a2fad17e0a9b9fca4ec2de79c1b30774d2,updating raw data
36d6543b0a5081fe5536238c7d1d10052393619a,add data
c18483ec3f14355902449a849058bcd33a7ebcc5,update raw data
1aacdc66eea9413cba72dc7f780f8d3ba75a5270,add data
af760d8c83485fb809ce7dbb244bd18b4f713726,updating raw data
9c6eefbc7708fbd4ac328a576492cc8a9f5c7415,trigger the action to check it is now working without warning
530afbfd771a9a97567298ccf3f2abe4ddeeaa7a,update to Node.js 16
1867b1acefe4b0d79c6be3b1af5ea6536995cd2a,add data
087ecdd0b68be238e739c6fcbdffcbfb1fa7239a,uploaded data for may 23
59ff95b0dbcf63cd1e9e7784db4f2b8db142bd97,add data
f7a9257da6ad11cc635bdd7f037508a667f49583,update raw data
eab8282d25db3decd0edf7a470337103443ad433,add data
db9f05397062f1f02101ec147d17e9683d0b9e34,update raw data
9276f78341ca050acde71ca88339a207d7b48345,add data
373edb4f1c4cc617a6ad4e84444f47fe50fac198,raw data update
1b8c43bb312b56e6adf9293a1d8864230973b909,add data
89668ccc28261249ee51e4230d947362fc2e72b7,subset recruits and old stems so not flagged as duplicated  #31
0ba27e6262be2e9b44a3662e30866569c7ebe956,add data
6de023ac741a7dc489ca5cacbefba04cb2d2a30b,updating raw data for may 15
0d4d1376a01f5459c385a3b7ac9ee6dfd3d18421,add data
a279fc97a28a6dafbfd14fb9ab951cb3bf5c5c54,Raw data update 5/11/23
73202055786a40275775a7fe3dcec2eda4cccab5,add data
0846b93f27193dcc77ab45bef2cc73d5e0386171,add data's provenance in report (old_trees or recruits)
bd4235b72a29d2c4fa3ce768dfad07a32ac1132d,add data
f78e60970a26a7946eeb4625c9fbca0ac040a26d,avoid showing duplicated stems in other errors or warnings
422f80eaf723e8d6ec1cb7c191b0224dce8c6184,make "Stem inaccessible" a justification for dbh = 0
536595eae8e4c089919e146d3b8ae99fa6d43684,Update CI_QAQC_reports.R
808f5b5cf577dc12d9ca32575c75faade70a7f7e,update data after "manual" fixing session in ecology cottage
810eb902d3a0d8c76a87f083f223681c0ca6217f,fill in new hom using hom_alert
9fdb8f1c4bbde1765fe66fcf60e8a6caf58b67ec,add data
63c9dda24f9b61894e8cdda37129577a35dfb13b,update raw data
2e8c90ad7b1374b6a39cf9fa74b4b80c0d6bb025,add data
2221bf5e1a1e8081eb71ccc052b92e9fb41f7125,bring in recruits in the QAQC
12ee77b94a2f35e84912b3d2eb60b59569b5b706,add data
1b43e599bc172279084e122f46863822c18fd978,download new data (including recruits so rearrange raw data folder)
1fdf95428041855825b29cd54133cdcde5aabf67,delete rmd images as I don't think we need them
0fcb272ecb96e1047d0b56f137cd7767f5ee1c96,add data
e996bc44b5bd73db42572650f382032b280f3df7,update raw data
e8d702faff62cfae6a41aeff317110d6d17e0316,move manuscript files to technical_workflow repo
956f3c7387482a0ae00726c5f77b270a81f9bac2,manuscript development
14e68a46216a9b0398c01f01e4175075b43b3376,edits based on conversations with collaborators
f3c47269abbd52f0211af3877a681b25bbf9886e,Update CI_QAQC_reports.R
d9d235a4fd2f88c74b4e8ceb77b5acfb55824dd9,keep date_measured instead of date_apprvoed
128786d59ae386bcd264a612eb11420bbac377f8,add data
afde475f5cc4b454c4a85e57908d75828e6dddf1,fix to deal with previous status inconsitencies
6efc4cc60e711b73dc9e96c611b89c56c209b9a5,fix handling of quadrat
3171bdea6c705877d3afb231d59d680a72c267bc,add data
275b00dc22452a948316134ec43f973c53613a0a,upload new data
347268a645d5d038ad65799b3a65091763440b1d,Create CI_Results_plots.R
e89a0328f3280869015fe478fc75a2ad8ac6fce3,save clean data
e0a0315ef5d9b62cb277148eed85b6aaaceeac5e,changed document title
cd047e635360ad13e91921f372a99f3d1f184004,outlined some content
2c8b8a215610dc5e3c0a2ec2c1e7934a9e9e2471,create template for intended manuscript
b5f39d25daa9396566c08407c4b5c7c6b1dcebc0,add data
7ed2bd79a5c615638752722333bf975c198f7393,update raw data
757ff45f60d20cfc0984bba36ee220cf864f1a3b,add check about code A and HOM
7b82a021b0648a8b33f5ab27428d3bd71c8483b8,add data
92864054b4c6eaf0712b1e3879ada10e75856509,Update CI_QAQC_reports.R
3afebee475e2a6f44b927ef87e6b0ed04aa05e09,Update GitHubAction_checks.csv
6c1553d2850169349a1c6fb0a8586abbe7d9d77d,Update README.md
8df002a523ab1c0903ed23287cc5af6bdd689c51,adding latest data
b82ffe70354177945b2d912e89a20611b6122ce6,Update README.md
620aedd1cd5c024c0c33f95bf79883daa24c3880,add data
b47ce092676ceed29b4cfd99b3459b26d36712f2,Update CI_QAQC_reports.R
0440c95b3e0d00df0fb4bc70245db9a850fd16f2,updating checks and cleaning up raw data folder
7c3abd9eef82831481d1ec4bf24bd056dd091dd4,Update GitHubAction_checks.csv
6a947544d73c12da9f75ac9b7befd0fb8a56c447,Update README.md
fdcc2437834a9e47ae94c72ac793ae3fca25f528,Create WhiteBoardScreenShot_2023_04_05.jpg
5d608af7bf356db9d1fde23955e006e74cadbd30,Update GitHubAction_checks.csv
15cff6ae7b3fdd5cec13bb4412ace33b9e74e926,Merge branch 'main' of https://github.com/SCBI-ForestGEO/2023census
c9c49870b1d236c91c14d9dc9775fe557c545fa8,consolidating data dictionary with new code list (and deleting other file) #22
482d15a584937dfa6152cdea71048235e31fd4ea,consolidating data dictionary with new code list (and deleting other file)
ec0c2bfbc13158552fbde615220407fffaa69c78,push latest data
085fd31e25557cef239a6e4469fcac59ab67bf60,Update README.md
0dc188c54338b22fd4ba9c3e2ed8014327793341,Added my name #20
c08c0c4c2e524b57f5bca9c7f5e168e336cbdca1,Added my name to Contributors
f96677ca34f9468c38be8079c28f5a38b84564be,Merge branch 'main' of https://github.com/SCBI-ForestGEO/2023census
06d82f4b93d5425b810ce0b9e0a309610eac7203,added spaces to my name
3f4ca1cc2478286d5870bc556c38a86170144fe5,Update README.md
0743d6fc913ab37da9e9d2edf12777294e902e05,Added my name to contribution table
5749f6015fbd7abb2d52dd48c10d01a3758f5a5d,Add 2023 code definitions
38e518bff05386b6c80d8a4b08851ce74805134c,write hahaha
bc9557eeb9e869beba4d745a29f881ffa8d5c5b6,Revert "added blabla for demo"
0029ec9f1d06e9d65e28a37dbbbf62a4638d1317,added blabla for demo
3a42ba8636ff40b1d8d536d8dd4cc4e3a6bea482,update README
b9b1778826be36ba3ed28f5f720cd171e96797ac,add test data and instructions
2510b2acbafedb061edcf7c43b51cb6bae68c084,Create export_data_button.PNG
8b11bd9b1e8f98eda5aa2dd7d56e3019f0747fe2,update data dictionary and add arcade code
9a22549e99cd4df79ecacbfbb7cb8ef4b8bbc134,Create README.md
5729573a10311def02ba6318a119711610f0be12,move dictionary to the raw_data folder
71571c1f5c1d34cd5755ae934aba7d14bddbdfe3,Update data-QAQC.yaml
0f1745d25147c34c5147cd319a67c2f3a97fc025,Create README.md
598a47b759e651ea94130fa9c098b3c030881f7d,move list of checks to better spot
9794a01a1890dbfbda339d3205daa6aa1a878c96,Update README.md
d3a2e29d43f10ca9efc0ecd3c1c5b69f77a236e9,add data
17a0c9e95826722a9d2c1aee019ce44bccb34dc5,rename tag lists
4b7c7e085900fae94126ae9b5c9b93a35cfd8a4a,Update CI_QAQC_reports.R
0e8197385be749a4cc3249797f62df68c71ea1c7,Update GitHubAction_checks.csv
294abccb90183b2a5faba7731001978fbd0f5742,#3
2da69280bbf3faa9b96fc049ea6feda956749831,Revert "add data"
706216466ce5bc4fa7e75a3b78b1429bd7d22123,add data
ed5cf5d00c62336fe369131034e9fcb4b0f1dfcc,try to fix CI
250532e3179bbb17cc292839b45807036d9234ea,Update data-QAQC.yaml
f142c1d0f930e6e0fc77832791cd909cd07c0720,Update CI_QAQC_reports.R
9291e0d8a42221d7e535c19ac03b9295248be431,fix typo in folder name
167150dae24fa144a6b62ca0adc6a05d36884eda,Update CI_QAQC_reports.R
d133b15d82e5cd5804f11f1a322e7de35e1096a0,create yaml file
484cd834326f83cd0619b257963bce73a85a0cbd,revamp QAQC scripts #3
aa7e13734e2420ebec0f41e7bd2c26bf577739d1,Update GitHubAction_checks.csv
ce2ef1bee29aabd505cd074c817697abc6739751,add quadrats shapefile
211e4730baa8c627312670a16395b8f6c4048b92,Delete ~$ickguide_Recensus SCBI 2018.v1.doc
47eedf03602dc586001d02e9872add1fffd30885,Update DESCRIPTION
ba073305460b1fcdbdaf04020dcc604744fe64ba,start preparing checks  QA_QC GitHub actions #3
9195fd4e38b60ea5cb836b875dcb6841e1b2e888,Create SCBI_data_dictionary_2023_census.xlsx
b8d67be959d5a7ee44d5079d583cd6886086e998,Create mortality_census_questions.xlsx
07aeb6f4bb80580937e0a61e1aaea5e01fe5fa68,Create explore_data.R
758637b891c8074cd7d7c95bc567944e6b7814a1,create R project
72b39a840991d33b77dcd6c1cbf3d21dcc3ebc31,update list of tags
86a90e2c4f814d1905a95db6a8c475a959a6977e,add test data
f6ad0290f4d1fe5afc8c9fb165dc1ccd726f1d41,Revert "Create Quickguide_Recensus SCBI 2018_v1.doc"
d48d307fe31e51bafe922f106a759f0ce17aa222,Create Quickguide_Recensus SCBI 2018_v1.doc
7ae5518cb8eab261f24d2a0019a481f9fadf7b31,Create Quickguide_Recensus SCBI 2018.v1.doc
f5b6b03457613fe5e2dd5c2c988e97b933956694,updating list of tags needing nails #7
c6c94751c32dbcb6caaa36a7b78c1895c658f512,move tag lists
79cab59debb8d3514777de11c3f2d50b5774be2f,Create .gitignore
ef7df30edc036b05f1841b15e5a72dcaf08f7eb8,load file from John W.
e7e35d09e0af9e7aaee91d79589d134a7e220221,Update crew_lead.md
8ca6b6ad033eefacd3099991b885b32a95e2aa64,Update internships.md
65a24ad8a082fa9388b75c66070e0b50d5755209,Update internships.md
3c4abb4dd04c5b49556bd3192cc6fc5fe1d45ef8,Update internships.md)
e351e02948d4f94c4548247b0663ad9fc7cc9080,Update internships.md)
d83e4aabb0cfb425c7a655148d0148d88b4e6510,Create crew_lead.md;
3688b4d62bfebf268e0e76d99687727ddfc620d0,Update internships.md)
be01695d58d6c734a81b52baa74215223157769f,Update internships.md)
9d8a34eaeb41a5af373728cbcdd2898d8d21dfde,Update internships.md)
890fbdfabc88fd5328a2fbf01cc4e7948e0e2f7a,Create internships.md)
86ca76db34ebdbb6575e6634ac05b9af57c4a6b9,fix typos :-)
56281f8f0c0bf03aa9be418e169e32ee51717714,Update all_positions_short_ad.md
2e5e805db16d01a327c094b947784ea8dae7b384,Create all_positions_short_ad.md
b9c385814215e6c7c3066c8d0cfa513d74120e32,Update crew_lead.md
ac984404faa3be4a2df89fed22ccae8c1156200b,Update internships.md
0443b473b32ce900e1d6c22ba3dcae93ab9bfa2d,Update internships.md
af21ab6969cc870159fc3f77353fa82cff3aada4,Update crew_lead.md
eb4b983765d4c912a9b182b065504dfdc5423306,copy ad from private repo
1e6bd7530096d3f68020084178cef465b5c009a3,Create internships.md
0ab39a3656b911308ca868609c6257c104b4b162,Create crew_lead.md
d23d129f95388d74914c539377f3dc6f50e2f0c3,Delete data_methods.md
eedfcc17fa23c5bc02085eac889fba8165030905,Delete census lead.md
d97c54e82b86c7025500308b87127df5f2691f1a,Create census lead.md
d0ae989a6703fca6da10406fc33d714dfa1e1669,add list tags needing nails or new tags
452710bc0d1508ef3098d8fd46ed0cdcd2825985,Create data_methods.md
deb6a369394a996f08d4789440670e21c9f29fbc,Update methods.md
859e3dc71c71722ffbc0979438b87a350632a955,Create methods.md
3dda1d506d66ea7505fb8ebae779706eed8cbab1,Update README.md
6fdb16a199ede1d309d679be72daf1e765f8cb65,Initial commit